K4me1,K4me3,K27ac,Meth
-0.641725320684904,-0.526883199088413,-0.555844401121474,0.0402456091036854
0.294113857455587,-0.784636014309434,0.428655128956686,0.337784168249975
-0.0414384032070659,0.297806607514284,-0.16645493707442,0.939088301058017
0.707084514315015,-0.134356406947339,-0.692520422864617,-0.0489418986504737
