K4me1,K4me3,K27ac,Meth
-0.489026704890484,-0.698000700430116,-0.522657618218818,-0.0218384573826712
0.291354445114549,-0.544673728926961,0.480798388958271,-0.622315053251907
-0.292857184468724,0.460724399277071,-0.308732632885831,-0.778878590543621
0.768244842951126,-0.0621174623326583,-0.632729076844383,-0.0748010525862094
