K4me1,K4me3,K27ac,Meth
-0.600104192319538,-0.569958452629452,-0.560200824988493,0.0346028368629983
0.121606422727006,-0.218489593241764,0.151100399110966,0.956369617347339
-0.284243217454091,0.781953298394203,-0.47319845072784,0.289548024843106
0.737761905795767,-0.126327744584138,-0.662892850541843,-0.0179371125154752
