K4me1,K4me3,K27ac,Meth
-0.636013374782147,-0.526511461736797,-0.561537745404815,0.0542957479337313
0.186250721621591,-0.443708755094065,0.285226880552345,0.828902187208292
-0.141238296971585,0.694232633805412,-0.437404813076172,0.553868055700964
0.735424638737531,-0.209640815377772,-0.641870716417142,-0.0565978150785001
