K4me1,K4me3,K27ac,Meth
-0.455284222264067,-0.658766785220999,-0.597561704110436,0.0407751079413154
0.0147010221423632,0.0475054798659783,0.00457870190209352,0.998752294024682
-0.707709140343446,0.675284061196068,-0.206660171797364,-0.0207553068290787
-0.540044377416999,-0.328269689077194,0.774719703287717,0.0200115714335538
