K4me1,K4me3,K9me3,K27me3,K36me3,K27ac,Meth
0.850166979650756,0.159130629850571,-0.0943167035197426,-0.108129493220049,-0.0155713882320443,0.434405335770658,-0.205804415916
-0.11575403992619,-0.0400442918893051,-0.617819725869624,-0.424998692948788,-0.632806625078899,-0.0807710872985667,-0.125316243795106
0.198842204771545,-0.147524397342541,0.00160780150683636,0.659897943706172,-0.324509464295406,-0.40947035600655,-0.479852147845114
-0.0289378109812953,0.264641518626043,0.652856529873957,-0.0467462654467394,-0.670352596089809,0.14733611742454,0.172162926324304
0.440798850387477,-0.439683250109835,0.197780125571737,-0.3407764134437,-0.0129089861855994,-0.577492269029199,0.351376590464386
-0.0805304786219046,0.309598647075417,0.292707662409411,-0.48329986269917,0.205174167305761,-0.317783936675257,-0.659790813429032
0.15050815645501,0.769482055307589,-0.241628140816519,0.142570308978963,0.0486952848763701,-0.425335374225334,0.35107377946341
