K4me1,K4me3,K27me3,K27ac,Meth
0.860243990560445,0.157638382298948,-0.103296951177673,0.43125954172856,-0.196151382040202
-0.226303435571624,0.137632936274995,-0.832586379928027,0.353621296424738,0.334059618292953
-0.141088640065467,0.195119332813303,0.541295884087566,0.589509073286536,0.549090393277535
0.417743464761786,-0.429756050668255,-0.0559139421094958,-0.367016379447749,0.709205712651614
-0.119797433388268,-0.856414326220089,-0.00143414900766874,0.454692441231295,-0.213203667656828
