K4me1,K4me3,K9me3,K27me3,K36me3,K27ac,Meth
0.850218502790939,0.159107670375056,-0.0939538473693392,-0.108928532919748,-0.0149196426021669,0.434549775911672,-0.205096056861039
-0.113078081412059,-0.0425352065257732,-0.620837460217712,-0.408679820916422,-0.639379645719234,-0.0836150238914538,-0.130950189368694
0.207330345402542,-0.145101413683072,0.0250509567083991,0.657270956888445,-0.319284233907418,-0.418009609182104,-0.476080445965759
-0.0377512895136057,0.271670506848552,0.64611035510163,-0.0442081076779131,-0.668413194152949,0.164048014094627,0.177958082279384
0.435498455593276,-0.440150910338081,0.206677227099161,-0.352165278803557,-0.0232070011946786,-0.565233638247204,0.360339812951086
-0.087747035770241,0.283077618223095,0.303758482125822,-0.498668084808335,0.195956506087451,-0.298878331689522,-0.665958884671844
-0.150241026090855,-0.777271161872841,0.229483527706408,-0.120273308497596,-0.0575754772670129,0.440129427303035,-0.33033311734347
