K4me1,K4me3,K9me3,K27me3,K36me3,K27ac,Meth
0.206215062892811,0.265305851563971,0.48359883423349,0.272244543537837,0.690143187351717,0.307055778828823,0.0923166217089435
-0.638119331736335,-0.207839731229522,0.292951700548177,0.31210269392085,0.137012642818148,-0.520933763667037,0.276103465678675
0.161474354087581,0.088399648791546,0.156386229492523,0.754151207293424,-0.411512292906394,-0.03973425630386,-0.449432598385355
-0.0428285717704206,-0.30815197959571,-0.479932695264886,0.117202854776144,0.569934888046645,-0.167654529357656,-0.553355538449355
0.331632653100343,-0.851992785509959,0.10701088458084,0.158139095426676,-0.0449654777858463,0.222875953618488,0.275632343932287
0.0654064022684664,-0.204060409225922,0.641007768550189,-0.470037576188445,-0.0412876742323852,-0.209481739104598,-0.525992203835987
-0.638836910840721,-0.126928931448518,0.0563660815949428,-0.00713917361732187,-0.0838761384313242,0.714913715424264,-0.233262765255494
