K4me1,K4me3,K27me3,K27ac,Meth
0.767900525442033,0.233583190091788,-0.133448088077183,0.489348250438656,-0.31384323142863
-0.0849006963921148,0.150066066133424,-0.59105926312964,0.352423671877247,0.704782626429297
0.167585741582686,0.248143037885939,0.773997440071794,0.170371347980617,0.531264170179482
0.428276098527659,-0.855040723411232,0.00692374258406678,-0.0821218345810745,0.280522745623224
0.437738800457637,0.36090090490177,-0.18363164163109,-0.774961581864218,0.209402116133938
