K4me1,K4me3,K27me3,K27ac
-0.0484472986385705,0.0407085103503696,0.102779253533496,-0.992689327777214
0.205291754240065,0.111190422459328,0.967738069789878,0.0947365498301188
-0.886835468720554,-0.398186065558729,0.228921150282268,0.0506538800833534
0.411133805852617,-0.909630344883695,0.0226839210874681,-0.0550188065665762
