K4me1,K4me3,K9me3,K27me3,K36me3,K27ac,Meth,K9ac
0.000609449417122333,-0.0221638024655438,-0.0106229418064851,-0.0210410546940009,0.00832099443274014,0.999333484314886,-0.00157144548866447,0.0146184915163211
0.161316058685641,0.132446275302642,0.259791907744222,0.912551692175182,0.232967460783332,0.0228127603605088,-0.0373949262297359,0.000216380662012778
-0.213028456927149,-0.272711796077761,-0.723497377226963,0.384883204084891,-0.424830488120668,-0.00248917731873095,-0.16692525930529,0.0176758406766129
-0.825573734383418,-0.274006906079497,0.418905109241062,0.103723793351658,-0.112371506154901,0.00230685546489876,0.210885762343044,0.0016207790630173
-0.218602016797386,-0.231967920916942,-0.389088502681659,-0.0320198938983184,0.858489174058483,-0.0172408273779581,0.0888797600017517,0.0280782041984699
0.385930319004471,-0.501764176729724,0.00202333146068648,0.0646127039317628,-0.114215868085378,-0.0083570592302884,0.762043750806576,0.0358583510419289
-0.223507120952165,0.721365340375167,-0.286465979347246,0.0518774364287089,-0.0474076560469872,0.0165184467899601,0.580917020449065,-0.070268465698768
-0.0184162272436569,0.0810609773019101,0.00294249261696836,-0.00465118335686689,-0.0158811802290888,-0.012676823495498,0.013690455414637,0.996222528582186
