K4me1,K4me3,K27me3,K27ac
-0.0385290454904913,0.0707715203063158,0.170822578273438,-0.982001299041473
0.0554605992130245,0.0228714330003725,0.98351952334287,0.170558983025979
0.847658239672479,0.527211700275789,-0.0590982843530408,-0.00554297701537843
-0.526227273432191,0.846472747676116,-0.00404805409507755,0.0809466330109617
