K4me1,K4me3,K9me3,K27me3,K36me3,K27ac,Meth,K9ac
-0.0842405469163782,-0.0507991723619389,0.00724405297299857,0.0836387967559914,-0.000773798978551727,0.990608876106631,-0.0414469159557112,0.0158322041410644
-0.18589013105665,0.0360114721866672,0.175509193849355,0.950462678335121,0.0775256256580832,-0.100487305412453,-0.117376863027323,0.00894448747552095
0.551284190109506,0.430526059229298,0.447524520123746,0.00714338038323916,0.493871924972661,0.0760712053195176,0.245521480774147,-0.0206573470710071
0.62517560387596,0.139654650837503,-0.697785278729111,0.23509475935297,-0.103325945659724,0.0377372484202101,-0.187978129442502,-0.00648641796250591
-0.0463217032025923,-0.560790764162801,-0.329798092714189,0.0612043113078394,0.663205955255327,-0.0201870167513373,0.360745663894605,0.0216374723875111
0.163902484408107,-0.121463721732548,0.0428346890365615,0.173964219186411,-0.52388326375734,0.026177301616175,0.806902039142019,-0.00737250495002073
0.484277199577099,-0.678543346754671,0.413955687319836,0.0148673257917701,-0.158373504114404,-0.0121738850283807,-0.327871420644042,0.0272788076498241
0.00744747417785295,0.0400714173668458,-0.000807242596162356,-0.00860931790004812,-0.00504671597550312,-0.0120190511564702,0.0126588802010607,0.998966401067866
