K4me1,K4me3,K27me3,K27ac
0.0483972412230439,-0.062281371766144,-0.108022084910379,0.991014614899569
-0.112826786162958,-0.0649099090542261,-0.985807170488408,-0.106023783390088
-0.838510235588905,-0.529079119893412,0.128471277100258,0.0217025497506415
-0.530875134263015,0.843790862317382,-0.00325311319837934,0.0786001892200779
