K4me1,K4me3,K9me3,K27me3,K36me3,K27ac,Meth,K9ac
0.000493403304204708,-0.0223280943133681,-0.0106923562259933,-0.0210805516997604,0.00834494302145484,0.99932810244197,-0.00148940518333768,0.0146281879869941
-0.160578827548097,-0.131280023562037,-0.258075671242702,-0.91366660736248,-0.231554600798596,-0.0228928315170042,0.0380593370226099,-0.000382151448504793
0.217198630457553,0.274172788449186,0.722212395626378,-0.382743998758586,0.426278653451065,0.00261781490202411,0.165949431297949,-0.0176285827061884
-0.825653985659068,-0.271403238098036,0.421787692466363,0.101568960629226,-0.110046471861554,0.0022104483595942,0.210469538865206,0.00145883327928561
0.218905306610911,0.230927924788301,0.38962649603322,0.0317554496177162,-0.858494724975209,0.0173395926502684,-0.088478162637283,-0.0281656839398223
-0.383979790845452,0.502494244261987,-0.00242455339744491,-0.064811242314799,0.113706036208523,0.00846465978800769,-0.76259806900571,-0.0360020989592653
-0.222793480749194,0.721838836927819,-0.286292231614834,0.0522341456983024,-0.047851339504863,0.0165672700297209,0.580644374098168,-0.0700570929886283
-0.0183711590445676,0.080975907410907,0.00301542122594277,-0.0047335920940512,-0.0160345328843422,-0.0126781908493333,0.013436469498781,0.996230656923603
