Meth,K27ac,K27me3,K36me3,K4me1,K4me3,K9ac,K9me3
0.0432514329026373,-0.619819604696096,0.52777426824282,-0.0850349045471102,-0.375352138980958,-0.132694990425108,-0.208065240468602,0.355510935082038
-0.0953330127348463,-0.338610041098819,-0.528893994957261,-0.362966102693712,-0.430276226350998,-0.106073587149922,-0.186393449357402,-0.483373408791155
-0.346499031912665,0.567820325768996,0.24156826707035,-0.547880213236287,-0.389952113659382,-0.115834887890197,0.10576792388778,0.149409895564112
-0.111987270334463,-0.0691247685735787,0.412728401980288,-0.382949951660869,0.578269604360875,-0.154654560643756,-0.325431320176835,-0.448849535776509
-0.127065544841742,-0.0332789804517206,-0.454537082863652,-0.267920554019957,0.341116273993662,-0.161399226495186,-0.401064184043604,0.633323749270846
0.0245439908627767,-0.361329278255273,-0.068147746046635,-0.448195535834835,0.257204237865783,0.106779409035316,0.756622390752009,0.115247937930377
-0.916282358572001,-0.205475271764054,-0.000148933908093351,0.310379856537862,0.0630447467473028,0.103819158193362,0.0822317118248553,-0.0188616650216798
-0.0108065534615858,0.00907284650898801,-0.0421592842869172,0.212614587500483,0.0320278327801252,-0.941049790993881,0.254523011789365,-0.0378956337375806
