Meth,K27ac,K27me3,K4me1,K4me3
-0.0535188157562004,0.721627901582784,-0.368881809894275,0.551685274053962,0.189627204636914
0.189396649602281,-0.465289779544225,-0.863370602077896,0.0457572644698129,0.0114806962771902
-0.426477829942379,0.387478485158533,-0.342866937656739,-0.727550024132977,-0.1452250307381
-0.824545789784199,-0.288633505991215,-0.00843503500631437,0.391310746254765,-0.289170693221758
0.315444997735382,0.171200804517333,-0.0298081707440773,0.10533989457887,-0.926930265717625
