Meth,K27ac,K27me3,K36me3,K4me1,K4me3,K9ac,K9me3
0.0428404463806529,-0.618409885078035,0.529341637554974,-0.0851007675913134,-0.37475887191142,-0.132841250295467,-0.2079147486937,0.356328005799316
-0.0947855810667092,-0.340134406255464,-0.528120477065487,-0.362913209408327,-0.431068124366562,-0.106185177912565,-0.186206568547861,-0.482637687526121
-0.345844262183422,0.568695372218735,0.241228168160852,-0.54765656472873,-0.390353572299512,-0.115251266056047,0.106352311589853,0.147949308927305
-0.11147731156299,-0.0685587790815591,0.415207928100406,-0.381155485965571,0.575899935689128,-0.154044767374322,-0.322740055730608,-0.453479552927478
-0.128225565996813,-0.0339286409067329,-0.451794193001018,-0.272298246491275,0.344952549730623,-0.163077508436909,-0.400970217468394,0.630697291146121
0.0266240802741619,-0.360763590085847,-0.0664827362932317,-0.448056232395298,0.256390918790704,0.106788018845949,0.757527715475585,0.113922012287255
-0.916456968948889,-0.205837745512918,-0.000431309147577576,0.309339791221233,0.0631624716318833,0.103237278949248,0.0839779222367003,-0.0186126063760796
-0.0100464788165987,0.00961088256132405,-0.0419452822258938,0.212727091732349,0.0313265082381408,-0.940961941332806,0.25485087191976,-0.0381416421828574
