K4me1,K4me3,K9me3,K27me3,K36me3,K27ac,Input,Meth
0.0347541613608219,0.561153171467658,0.150311298415187,0.305306928129353,0.593346924935888,0.431392474178024,0.160664476124837,0.0641899184301834
-0.255477416049003,0.251933004578368,0.793811749740309,-0.312273235129153,-0.265914427093114,-0.0301456121404758,-0.0178891819906559,0.2677127572406
0.286374233802768,-0.585848487902245,0.387279822281053,0.512396890240651,-0.0119208024059298,0.259985196833028,-0.119055341129417,0.283419355740651
-0.0907037356007752,0.143701510655376,-0.228536733265183,0.178505415157632,-0.653477680463029,0.484951498573358,0.46336415912496,0.100558976217146
0.00357127741498873,-0.365640287551429,0.0987637195943615,-0.574289629602421,0.191605101070629,0.596493426940404,0.106078876557219,-0.35065927041631
-0.21255419314588,0.185777867178869,-0.00611066110922205,0.205952826238229,-0.243038056309737,0.306503884653105,-0.763252694141716,-0.377208946064408
-0.00172129148056712,-0.0250395818259599,0.360532776167438,0.323197337777168,-0.0755083536436839,-0.245684619667321,0.373673211575192,-0.747820527800887
0.89335942757008,0.298219865102378,0.0726582766592915,-0.195388549916963,-0.220391099408402,0.010561473323237,-0.107458423825526,-0.0963682538804052
