Meth,K27ac,K27me3,K4me1,K4me3
-0.0831198114422355,0.792083870959014,-0.453416630561039,0.385768099009727,0.106257099666276
-0.0311834834453469,0.366546832859033,0.888095004660254,0.271599453944421,0.0468188957134081
0.33285795187118,-0.42588912068937,-0.0724377342866679,0.831137644367574,0.108568096239609
0.900987148904956,0.21006339623559,0.0186671831542727,-0.28432680129386,0.250809356701811
-0.263716568858053,-0.112864463530387,0.010243668907086,-0.0760604797817949,0.954895310934355
