Meth,K27ac,K27me3,K36me3,K4me1,K4me3,K9ac,K9me3
0.0231886647521756,0.47012079016877,0.0879085926244617,0.445032048045081,0.577798740303211,0.169657284964208,0.275842151407551,0.365982804108525
0.0180410799424337,-0.516350836525572,0.672124332396407,0.223573080578613,-0.00818941588815617,-0.0626205457247274,-0.20919152056625,0.428451631971283
-0.345339883134853,0.336874146844014,0.158242451312154,0.0815661479145037,0.1604451968999,0.098431845152227,-0.800476974645459,-0.243654649321057
0.214279771984581,-0.354209754824574,-0.6748978176815,0.385982572978468,0.0840100605277045,0.0898525568730209,-0.38347868308198,0.248923573263446
-0.00929759712591039,0.392470332052954,0.0120151883689052,0.273995156841935,-0.786282191740745,0.226789372725338,-0.0266295377386249,0.316671194635061
-0.0229304523150486,0.171618208446784,-0.126533040235739,-0.683048688011556,0.101531590246119,-0.0573004424078646,-0.199713767474279,0.658769816387881
-0.900658962893429,-0.180516512004352,-0.207290771729106,0.123846271105153,-0.0314055582932552,-0.168003979807626,0.209209005965022,0.15792341195349
-0.148870854435007,-0.239473449315806,0.029475148312635,-0.198391571622647,0.0612089841042184,0.930908516065101,0.0892614056487,-0.0442394864080042
