Meth,K27ac,K27me3,K36me3,K4me1,K4me3,K9ac,K9me3
0.0221199754848212,0.471723954888945,0.0892598874841242,0.445243457985437,0.578204250515359,0.16946630848559,0.274206630423222,0.364074019235316
0.0171067212896018,-0.514707467944085,0.673589944416442,0.224974621035624,-0.00700806265740047,-0.0624760800430087,-0.21249899992766,0.425838456119497
-0.345475102572155,0.338665306928108,0.155648383105404,0.0797130959102575,0.15773638066172,0.0981234162295386,-0.799836552207299,-0.24723407070922
0.214155984084504,-0.355159088400677,-0.673952512830448,0.387915495415224,0.0873737373958896,0.0892098411827662,-0.383376971325538,0.246451511215415
0.0069339579593317,-0.389846976221148,-0.0110955196992588,-0.280645841191839,0.786821306961546,-0.226594676231929,0.0259348151775184,-0.313018410958452
0.0256638119166832,-0.173113186432513,0.127797271073531,0.67813065342391,-0.09626883964958,0.0576448389555268,0.201216471695118,-0.66340122279582
-0.900646221842362,-0.181048316082132,-0.206275576494969,0.126897215652053,-0.0324086080367258,-0.167365790172693,0.209677661859071,0.156137843102286
-0.148767963019027,-0.238732552649292,0.0294276068344912,-0.198962054514305,0.0609099295841698,0.931188448521204,0.0883916368763176,-0.0422841655139928
