Meth,K27ac,K27me3,K4me1,K4me3
-0.0683650331012589,0.716490379424062,-0.101149749126336,0.663999819316317,0.175615280204783
0.0991758177381831,0.163410143324461,-0.925533726278622,-0.321994250333923,0.0562877118681115
0.325996621992713,-0.595479924216449,-0.305935494806817,0.658453265143821,-0.109419527248388
0.920697635614417,0.196643547783532,0.198665659774865,-0.147659135306663,0.228857847311018
-0.177573775227052,-0.258212385879763,-0.00956443495536957,0.00774726285362142,0.949548534637464
