Meth,K27ac,K27me3,K4me1,K4me3
-0.102633518319564,0.763219681864524,-0.0296618080690537,0.5733630934463,0.278095340391971
-0.173200079937298,-0.103525201799024,0.968543432817652,0.142617950951787,0.0294619027609731
0.631610688733037,-0.425604935931171,-0.0294578060803534,0.643387227029489,0.0715086718198477
0.74182475708287,0.411419431948543,0.240566616437571,-0.457756021859299,0.114092980947153
-0.101153649880669,-0.23742944074661,-0.0479972562193289,-0.165611544545834,0.950612581176544
