K4me1,K4me3,K9me3,K27me3,K36me3,K27ac,Input,Meth
-0.0054143960996231,0.466043788355137,0.322405861273449,0.38947760408324,0.514787315141638,0.479162268255434,0.0410160141558296,0.175643831707558
0.165828129142621,0.0931038573110093,-0.382273918643963,0.000848647329267413,0.08901965655323,-0.0228545739269453,0.898217116489119,0.0495763563092722
-0.0697258826774606,-0.0473884095574267,0.811378812177849,-0.410221080352031,-0.148557213077577,-0.0500121026362668,0.375390389891518,0.0280593570446386
0.183391072607977,-0.708575938510681,0.187987314861192,0.574404067386067,-0.11114371375626,0.118545679920352,0.119761634379624,0.241370541426318
-0.152482944514466,0.43690134808187,0.147566553857616,0.552362666893249,-0.42468599400291,-0.522550863585103,0.0743127572955242,-0.00676577038976542
-0.0746958430761407,0.124005132072279,-0.0741749883568136,0.0422963539464523,-0.643674522908393,0.685548208881863,0.0664696559667742,-0.288168170492797
-0.274749162770311,-0.205347290445941,0.0931041913311516,0.207380474457187,0.311354355467114,-0.0702888356969399,0.125399298570557,-0.844430753265208
-0.910856800978527,-0.146225054840886,-0.142478409531699,-0.0135996249863862,0.0321049939973469,0.0731479892734408,0.102943281438682,0.333907766153786
