K4me1,K4me3,K9me3,K27me3,K36me3,K27ac,Meth
-0.76564905790652,-0.277752850389066,-0.0485771887282215,0.094324449002919,-0.0660367760616221,-0.560877829343869,-0.0802074438008326
-0.0454900653392558,0.0642838253149739,0.617559331838545,0.490625733688947,0.609494239812562,-0.0110437554764284,-0.0099955970257585
0.0791330290008587,-0.0106321809649881,0.586799908223574,0.228909600466744,-0.772161520685019,-0.0249939209415089,0.00575090092129981
0.122287306135131,0.0496634326344982,-0.520828344947392,0.831732545639788,-0.137392496279685,0.00605821275576296,0.0249953168480166
-0.598881274155632,0.100988028554912,-0.0092912805793351,0.0577658219980514,-0.0782783364802381,0.788372136293075,-0.00782919044240465
0.162170152027888,-0.951808604683363,0.0211897572973194,0.0525609617941976,0.0535988730488919,0.247084005652862,0.0250243138034964
-0.0744178326654989,0.00180061928534253,0.0113621077902098,-0.0105408825223596,0.00674289462363925,-0.0452942254254418,0.996052961829328
