K4me1,K4me3,K27me3,K27ac,Meth
-0.658080873232298,-0.311581872331162,0.140777995846706,-0.6642617860033,-0.0937237251794545
-0.0885796817107797,-0.108460783901983,-0.987324365655905,-0.0729098602263041,0.0162679933405569
-0.623309204550051,-0.239589755165644,0.0266295948234453,0.742330411619759,-0.0481540175564649
0.394209113779375,-0.912430055137959,0.0632801871210144,0.0394767232353932,0.0806707836502684
0.12315849304979,-0.0349447977613947,-0.0256638941904148,0.0287676944596251,-0.991022013372852
