K4me1,K4me3,K9me3,K27me3,K36me3,K27ac,Meth
-0.765732207143433,-0.277668776642512,-0.0483245260705769,0.0950480176484034,-0.0657623671712749,-0.560734778254348,-0.0802288692575079
-0.0450738386395604,0.0644853941862539,0.617597471872398,0.489782817227463,0.610147978996636,-0.0107032991306326,-0.0100509107314455
0.0779761880588488,-0.0101290823422297,0.589153808579712,0.22609916976894,-0.771348109371758,-0.0242266898584537,0.00540672910820884
0.122893417127659,0.0497122009527205,-0.518105505359357,0.83291973036836,-0.139824685980443,0.00615207876356819,0.0254661009953582
-0.599184011150156,0.102608659985111,-0.00994177642738962,0.0574723613570527,-0.0774628807856747,0.788039021857441,-0.00648649134238768
0.161119648089414,-0.951646037267522,0.0215791833618752,0.0527215528091809,0.0531076422314763,0.248283898388824,0.0264525916471743
-0.0738812419873528,0.00301095182931919,0.0117506593910987,-0.0109508005263034,0.00670720406982944,-0.046762945800848,0.996013422869786
