K4me1,K4me3,K27me3,K27ac,Meth
-0.777520753510369,-0.269426353297729,0.123115352421778,-0.548302442541525,-0.0841306098302787
-0.0836917969442312,-0.124537262246197,-0.987634998838885,-0.0437578865000646,0.0121864627365457
-0.603974591084228,0.146613093961848,-0.00196796112770049,0.783390435180737,0.00385320644514607
0.138446257799036,-0.943550525775593,0.0951152040190241,0.283395624425945,0.0344246573068114
0.0671154826474219,-0.0108127909646173,-0.0192079192000313,0.0586176167684109,-0.995777900128817
