K4me1,K4me3,K9me3,K27me3,K36me3,K27ac,Meth
-0.555576622669516,-0.35428928727763,0.0436511206512568,0.195061924174699,-0.0607889825123502,-0.721546127296056,-0.039179439196764
0.0549550240799613,0.147922822192826,0.777720221531965,0.530211820482292,0.293157625686466,0.0519393132927701,-0.0220540400052956
-0.126967446066162,-0.036500235145321,0.411024195887455,-0.796133703504262,0.409584487058693,-0.108238430466415,-0.0173846813162002
0.043093812483439,-0.191885097582852,0.472662956405012,-0.195520770788665,-0.829653437076817,0.106153235888218,0.0095422922311527
0.0718966864289386,0.842913668177762,0.0137594579501496,-0.0929197034074106,-0.222181647289372,-0.475412044012283,0.0110781104476559
0.814738401391291,-0.322111866220911,0.0161055883343848,-0.00788859543695353,0.0670247288909891,-0.4768413066622,0.0159284965472317
-0.0369994110153868,-0.0136482743805193,0.021117861279646,0.00852785281433715,0.0205433624158423,-0.0171808983500531,0.998603458258001
