Meth,K27ac,K27me3,K4me1,K4me3
0.0618412081572956,0.709007198939611,-0.0330341345407279,0.656932740117451,0.246642611367898
-0.421332223362128,0.440843131151859,-0.656507720396466,-0.434050732815213,-0.0934562233099683
0.444588762765163,-0.368856934783671,-0.746590530939388,0.328868678475369,-0.0270807148067575
-0.750925028690512,-0.331239545421633,-0.0474722975874916,0.516069944599693,-0.240437430691765
-0.238971244796246,-0.23914650484357,-0.0908587865227609,-0.0745422088691272,0.933750412792497
