Meth,K27ac,K27me3,K4me1,K4me3
0.0480517433326447,0.689348153194723,-0.0238502616114636,0.695848547318055,0.194206379571154
-0.330886131563627,0.511648403486191,-0.623039273858918,-0.484995844078565,-0.0730162557569321
0.00991944458927569,0.46690985871419,0.732779644212265,-0.47596388968499,0.135606626676634
0.895442684163924,0.0828260875394363,-0.261863676315857,-0.227278363330271,0.266634954926157
0.293750577697983,0.195320398206281,0.0755952135052631,0.04875194047134,-0.931380240364811
