Meth,K27ac,K27me3,K36me3,K4me1,K4me3,K9ac,K9me3
-0.0694087013199396,-0.48707667581837,-0.0810608266215897,-0.354366579752223,-0.571807821758314,-0.416790600831615,-0.284850653348865,-0.2096991390495
0.305477717386868,-0.462507932973774,-0.219244101581009,0.551874814114391,-0.0551159037117889,-0.0196653676754842,-0.175498695026679,0.553092856671223
-0.0252445924131301,-0.486471280224858,0.698087674642506,0.0645404479699363,-0.123175784043998,0.427524375123347,0.252515820048619,-0.0974829661225642
0.0384095984078453,-0.179854049831249,0.401223975948739,-0.260604681058066,0.648624300616305,-0.355272319996716,-0.400836034221126,0.172279754492501
-0.00396114089825369,0.386711199405065,0.498920654450882,0.475799965286817,-0.303698332507365,-0.531856522643325,-0.00477991310205093,-0.00210850600670143
0.236131801707341,0.278956523025742,0.191471052405065,-0.503371317515478,-0.338293788512892,0.12045325477132,0.0489282499914781,0.667109837806957
0.125166880062594,-0.217660684859739,-0.100802200059024,-0.124677580728271,0.165457447071807,-0.467412426556314,0.810695566260951,0.0904082478695779
0.910116774587666,0.0714315817283562,0.0361941854712472,-0.0496533794109014,0.00779510766582955,0.03238258682744,-0.0631064596856498,-0.397136862693283
