K27ac,K27me3,K4me1,K4me3
0.681187675339681,-0.0199991693767675,0.705918415365438,0.193035165287336
-0.550459780576492,0.639180749322745,0.534244616288201,0.0549971783818776
0.450911072833741,0.754866473698234,-0.453520221591386,0.145517077657631
0.172210874595441,0.145686683694312,0.102865394680237,-0.968781459072429
