Meth,K27ac,K27me3,K36me3,K4me1,K4me3,K9ac,K9me3
0.125964318999268,0.537090088281591,0.0165061683177184,0.357953987423125,0.575039850160553,0.209275124658672,0.337230519976363,0.281198125930764
-0.356055744646149,0.552442550045633,-0.294994149320226,-0.356022229145867,0.0501291090785037,-0.0240649082197263,0.0659990842377549,-0.588905963053142
0.166800063790765,0.182978862052585,-0.297466316541941,0.308905538930249,-0.724708699568252,0.193373863071663,0.438215975461933,0.0125794277811598
0.0576153547589286,-0.126328489419604,-0.885934648003306,0.109896022172829,0.18146137191629,-0.149570587414819,-0.288057167281493,0.213278516722192
0.0629478443591995,0.432833500467841,0.05041713498435,-0.545496194967315,-0.251158092009791,-0.104891013188546,-0.17326736735861,0.635987933154659
0.247755194008726,-0.363512042485623,-0.184386347305478,-0.57735671907038,0.210258512037641,0.24526562490355,0.578127892912999,0.0232706569229073
-0.870221568127041,-0.192383451117926,-0.0435052106085693,0.0560213085606516,-0.0244206419867695,0.190631631493115,0.208075122188349,0.347044516719479
-0.0598737150815606,-0.0201017001344915,0.0301110003445709,0.0597668869719209,0.0282828145938097,-0.88789764078965,0.446498406351975,0.0548574678411471
