Meth,K27ac,K27me3,K36me3,K4me1,K4me3,K9ac,K9me3
0.12585590713963,0.537330883556287,0.0164432342446437,0.357714417429873,0.575192217760248,0.209120616071249,0.337258816238305,0.28086437876069
-0.355570230171287,0.552247699273253,-0.29522182937275,-0.355021790356633,0.0483976063754232,-0.0234703968348716,0.0670677252733938,-0.58991916589759
0.166513684117812,0.181027751794849,-0.296605578472085,0.309810319445788,-0.724515430486719,0.194464697459509,0.438879319930798,0.0138078901886457
0.0579781872419496,-0.12474266828067,-0.886096962806997,0.108563241359947,0.180521929446971,-0.149519798380871,-0.288507499822025,0.214343362554862
0.0634463254519585,0.433176253163288,0.0516369135044106,-0.547118990625941,-0.251649035627554,-0.104292387002277,-0.170821597068905,0.634778055384847
0.248128225466742,-0.364483697572072,-0.184333520924479,-0.576393058420274,0.211318171547107,0.244669390448492,0.578261576415639,0.0217090348075324
-0.870361655665072,-0.19256663278926,-0.0436007001833553,0.0549476603975017,-0.0231884911256213,0.18975714894134,0.208108624402211,0.347294878451892
-0.0593242001292506,-0.0198564813134144,0.0297448483553478,0.0603665424164199,0.0279373481488836,-0.888142573890648,0.446129026006224,0.0543014655227619
